backend,time
cpc-cpc,8.152
cpc-cpc,8.105
cpc-cpc,8.159
cpc-cpc,8.083
cpc-cpc,8.085
cpc-cpc,8.090
cpc-cpc,8.088
cpc-cpc,8.199
cpc-cpc,8.148
cpc-cpc,8.103
cpc-cpc-nopool,7.773
cpc-cpc-nopool,7.767
cpc-cpc-nopool,7.764
cpc-cpc-nopool,7.782
cpc-cpc-nopool,7.834
cpc-cpc-nopool,7.766
cpc-cpc-nopool,7.757
cpc-cpc-nopool,7.762
cpc-cpc-nopool,7.763
cpc-cpc-nopool,7.761
cpc-ucontext,11.138
cpc-ucontext,11.130
cpc-ucontext,11.148
cpc-ucontext,11.333
cpc-ucontext,11.131
cpc-ucontext,11.151
cpc-ucontext,11.138
cpc-ucontext,11.136
cpc-ucontext,11.157
cpc-ucontext,11.162
cpc-ucontext-nopool,47.230
cpc-ucontext-nopool,47.226
cpc-ucontext-nopool,47.201
cpc-ucontext-nopool,47.292
cpc-ucontext-nopool,47.179
cpc-ucontext-nopool,47.204
cpc-ucontext-nopool,47.185
cpc-ucontext-nopool,47.395
cpc-ucontext-nopool,47.102
cpc-ucontext-nopool,47.281
gcc-sigaltstack,11.033
gcc-sigaltstack,10.935
gcc-sigaltstack,10.931
gcc-sigaltstack,10.920
gcc-sigaltstack,10.963
gcc-sigaltstack,10.974
gcc-sigaltstack,10.893
gcc-sigaltstack,11.024
gcc-sigaltstack,10.997
gcc-sigaltstack,10.939
gcc-sigaltstack-nopool,179.961
gcc-sigaltstack-nopool,182.536
gcc-sigaltstack-nopool,178.886
gcc-sigaltstack-nopool,190.771
gcc-sigaltstack-nopool,182.531
gcc-sigaltstack-nopool,180.633
gcc-sigaltstack-nopool,182.534
gcc-sigaltstack-nopool,181.724
gcc-sigaltstack-nopool,182.715
gcc-sigaltstack-nopool,180.291
gcc-ucontext,11.024
gcc-ucontext,10.804
gcc-ucontext,10.836
gcc-ucontext,10.789
gcc-ucontext,10.872
gcc-ucontext,10.791
gcc-ucontext,10.796
gcc-ucontext,10.856
gcc-ucontext,10.794
gcc-ucontext,10.807
gcc-ucontext-nopool,47.348
gcc-ucontext-nopool,47.148
gcc-ucontext-nopool,49.009
gcc-ucontext-nopool,47.307
gcc-ucontext-nopool,47.146
gcc-ucontext-nopool,47.120
gcc-ucontext-nopool,47.443
gcc-ucontext-nopool,47.206
gcc-ucontext-nopool,47.356
gcc-ucontext-nopool,47.217
gcc-gthread-nopool,1267.624
gcc-gthread-nopool,1042.627
gcc-gthread-nopool,1233.775
gcc-gthread-nopool,1048.596
gcc-gthread-nopool,1266.798
gcc-gthread-nopool,1089.060
gcc-gthread-nopool,1234.601
gcc-gthread-nopool,1205.409
gcc-gthread-nopool,1236.135
gcc-gthread-nopool,1231.143
